{"normal_scores_1m": [0.8, 0.4, 0.031406389188025165, 0, 0.023255813953488375], "normal_scores_3y": [0.8, 0.4, 0.031406389188025165, 1, 0], "normal_scores_6m": [0.8, 0.4, 0.031406389188025165, 1, 0], "normal_scores_5y": [0.8, 0.4, 0.031406389188025165, 1, 0.6224489795918366], "normal_scores_1y": [0.8, 0.4, 0.031406389188025165, 1, 0], "normal_scores_2y": [0.8, 0.4, 0.031406389188025165, 1, 0.24074074074074073], "normal_scores_3m": [0.8, 0.4, 0.031406389188025165, 1, 0.1320754716981132]}